INSERT INTO Customer (name, username, email, phoneNumber, password) VALUES
    ('John Doe', 'jdoe', 'john.doe@email.com', '0412345678', 'pass1234'),
    ('Mary Smith', 'msmith', 'mary.smith@email.com', '0423456789', 'marypass'),
    ('Peter Jones', 'pjones', 'peter.jones@email.com', '0434567890', 'peterpw'),
    ('Sarah Wilson', 'swilson', 'sarah.wilson@email.com', '0445678901', 'sarahpw'),
    ('Mike Brown', 'mbrown', 'mike.brown@email.com', '0456789012', 'mikepw'),
    ('Lisa Taylor', 'ltaylor', 'lisa.taylor@email.com', '0467890123', 'lisapw'),
    ('David Clark', 'dclark', 'david.clark@email.com', '0478901234', 'davidpw'),
    ('Emma White', 'ewhite', 'emma.white@email.com', '0489012345', 'emmapw'),
    ('Chris Martin', 'cmartin', 'chris.martin@email.com', '0490123456', 'chrispw'),
    ('Anna Lee', 'alee', 'anna.lee@email.com', '0401234567', 'annapw'),
    ('Tom Wilson', 'twilson', 'tom.wilson@email.com', '0411122233', 'tompw'),
    ('Jane Miller', 'jmiller', 'jane.miller@email.com', '0422233344', 'janepw'),
    ('Sam Green', 'sgreen', 'sam.green@email.com', '0433344455', 'sampw'),
    ('Olivia Hall', 'ohall', 'olivia.hall@email.com', '0444455566', 'oliviapw'),
    ('Ben King', 'bking', 'ben.king@email.com', '0455566677', 'benpw'),
    ('Lucy Scott', 'lscott', 'lucy.scott@email.com', '0466677788', 'lucypw'),
    ('Jack Young', 'jyoung', 'jack.young@email.com', '0477788899', 'jackpw'),
    ('Mia Adams', 'madams', 'mia.adams@email.com', '0488899900', 'miapw'),
    ('Noah Evans', 'nevans', 'noah.evans@email.com', '0499900112', 'noahpw');

INSERT INTO Orders (email, orderDate, totalAmount) VALUES
    ('abc@gmail.com', '2025-01-10', 120.50),
    ('john.doe@email.com', '2025-01-12', 89.99),
    ('mary.smith@email.com', '2025-01-15', 150.00),
    ('peter.jones@email.com', '2025-01-18', 200.00),
    ('sarah.wilson@email.com', '2025-01-20', 75.25),
    ('mike.brown@email.com', '2025-01-22', 300.00),
    ('lisa.taylor@email.com', '2025-01-25', 50.00),
    ('david.clark@email.com', '2025-01-28', 180.75),
    ('emma.white@email.com', '2025-02-01', 220.00),
    ('chris.martin@email.com', '2025-02-05', 99.99),
    ('anna.lee@email.com', '2025-02-08', 130.00),
    ('tom.wilson@email.com', '2025-02-12', 175.50),
    ('jane.miller@email.com', '2025-02-15', 210.00),
    ('sam.green@email.com', '2025-02-18', 80.00),
    ('olivia.hall@email.com', '2025-02-20', 145.00),
    ('ben.king@email.com', '2025-02-22', 160.00),
    ('lucy.scott@email.com', '2025-02-25', 95.00),
    ('jack.young@email.com', '2025-02-28', 110.00),
    ('mia.adams@email.com', '2025-03-02', 250.00),
    ('noah.evans@email.com', '2025-03-05', 135.00);


INSERT INTO Product (productID, productName, productType, price, quantity) VALUES
(1, 'iPhone 15', 'Smartphone', 1299.00, 30),
(2, 'Galaxy S24', 'Smartphone', 1199.00, 25),
(3, 'iPad Pro', 'Tablet', 1599.00, 20),
(4, 'Galaxy Tab S9', 'Tablet', 1099.00, 18),
(5, 'MacBook Air', 'Laptop', 1699.00, 15),
(6, 'Dell XPS 13', 'Laptop', 1499.00, 12),
(7, 'Apple Watch 9', 'Smartwatch', 699.00, 22),
(8, 'Galaxy Watch 6', 'Smartwatch', 599.00, 20),
(9, 'Sony WH-1000XM5', 'Headphones', 499.00, 35),
(10, 'Bose QC45', 'Headphones', 449.00, 30),
(11, 'Canon EOS R10', 'Camera', 1399.00, 10),
(12, 'GoPro Hero 12', 'Camera', 599.00, 18),
(13, 'Nintendo Switch', 'Console', 469.00, 25),
(14, 'Xbox Series S', 'Console', 399.00, 20),
(15, 'Kindle Paperwhite', 'E-Reader', 229.00, 40),
(16, 'Apple TV 4K', 'Streaming', 249.00, 28),
(17, 'Google Nest Hub', 'Smart Home', 149.00, 32),
(18, 'TP-Link Router', 'Networking', 129.00, 27),
(19, 'Logitech MX Master 3', 'Accessory', 149.00, 50),
(20, 'Anker Power Bank', 'Accessory', 79.00, 60);


insert into Payments 
values 
(1, 1, 'Credit Card', '1234567890123456', '12/25', '123', 100),
(2, 2, 'Debit Card', '9876543210987654', '11/24', '456', 150),
(3, 3, 'Credit Card', '4111111111111111', '10/26', '321', 200),
(4, 4, 'Debit Card', '5555444433332222', '09/25', '654', 120),
(5, 5, 'Credit Card', '4000123412341234', '01/27', '789', 75),
(6, 6, 'Debit Card', '6011000990139424', '03/26', '987', 90),
(7, 7, 'Credit Card', '378282246310005', '07/28', '111', 300),
(8, 8, 'Debit Card', '3530111333300000', '06/25', '222', 60),
(9, 9, 'Credit Card', '4111111111111234', '08/27', '333', 220),
(10, 10, 'Debit Card', '5105105105105100', '05/26', '444', 180),
(11, 11, 'Credit Card', '6011000000000004', '04/26', '555', 240),
(12, 12, 'Debit Card', '30000000000004', '02/25', '666', 130),
(13, 13, 'Credit Card', '30569309025904', '11/25', '777', 80),
(14, 14, 'Debit Card', '6011111111111117', '01/26', '888', 95),
(15, 15, 'Credit Card', '5555555555554444', '09/27', '999', 170),
(16, 16, 'Debit Card', '4111111111111111', '10/26', '112', 155),
(17, 17, 'Credit Card', '5105105105105100', '12/28', '223', 260),
(18, 18, 'Debit Card', '6011000000000004', '03/27', '334', 110),
(19, 19, 'Credit Card', '4111111111111111', '04/25', '445', 140),
(20, 20, 'Debit Card', '4222222222222', '07/24', '556', 85);
